{
    "capacitance" : {
        "T": 0.000000000001,
        "G": 0.000000001,
        "M": 0.000001,
        "K": 0.001,
        "F": 1,
        "d": 10,
        "c": 100,
        "m": 1000,
        "u": 1000000,
        "n": 1000000000,
        "p": 1000000000000,
        "f": 1000000000000000,
        "a": 1000000000000000000
    }
}